-- INSERTS ÁREAS --
INSERT INTO areas (idArea, area) VALUES (1, 'Ciencias de Datos');
INSERT INTO areas (idArea, area) VALUES (2, 'Programación');
INSERT INTO areas (idArea, area) VALUES (3, 'Diseño Gráfico');
INSERT INTO areas (idArea, area) VALUES (4, 'Marketing Digital');
INSERT INTO areas (idArea, area) VALUES (5, 'Redes y Seguridad');
INSERT INTO areas (idArea, area) VALUES (6, 'Inteligencia Artificial');
INSERT INTO areas (idArea, area) VALUES (7, 'Desarrollo Web');
INSERT INTO areas (idArea, area) VALUES (8, 'Bases de Datos');
INSERT INTO areas (idArea, area) VALUES (9, 'Ofimática');
INSERT INTO areas (idArea, area) VALUES (10, 'Sistemas Operativos');
INSERT INTO areas (idArea, area) VALUES (11, 'Gestión de Proyectos');
INSERT INTO areas (idArea, area) VALUES (12, 'Cloud Computing');
INSERT INTO areas (idArea, area) VALUES (13, 'Ciberseguridad');
INSERT INTO areas (idArea, area) VALUES (14, 'Internet de las Cosas');
INSERT INTO areas (idArea, area) VALUES (15, 'Soporte Técnico');

-- INSERTS CURSOS --
INSERT INTO cursos (idCurso, curso, idArea, nivel) VALUES (1, 'Ciencias de Datos Fundamentos', 1, 'Inicial');
INSERT INTO cursos (idCurso, curso, idArea, nivel) VALUES (2, 'Ciencias de Datos Profesional', 1, 'Experto');
INSERT INTO cursos (idCurso, curso, idArea, nivel) VALUES (3, 'Programación Profesional', 2, 'Avanzado');
INSERT INTO cursos (idCurso, curso, idArea, nivel) VALUES (4, 'Programación Introductorio', 2, 'Intermedio');
INSERT INTO cursos (idCurso, curso, idArea, nivel) VALUES (5, 'Diseño Gráfico Práctico', 3, 'Avanzado');
INSERT INTO cursos (idCurso, curso, idArea, nivel) VALUES (6, 'Diseño Gráfico Introductorio', 3, 'Avanzado');
INSERT INTO cursos (idCurso, curso, idArea, nivel) VALUES (7, 'Marketing Digital Introductorio', 4, 'Avanzado');
INSERT INTO cursos (idCurso, curso, idArea, nivel) VALUES (8, 'Marketing Digital Avanzado', 4, 'Experto');
INSERT INTO cursos (idCurso, curso, idArea, nivel) VALUES (9, 'Redes y Seguridad Profesional', 5, 'Inicial');
INSERT INTO cursos (idCurso, curso, idArea, nivel) VALUES (10, 'Redes y Seguridad Práctico', 5, 'Experto');
INSERT INTO cursos (idCurso, curso, idArea, nivel) VALUES (11, 'Inteligencia Artificial Profesional', 6, 'Avanzado');
INSERT INTO cursos (idCurso, curso, idArea, nivel) VALUES (12, 'Inteligencia Artificial Profesional', 6, 'Avanzado');
INSERT INTO cursos (idCurso, curso, idArea, nivel) VALUES (13, 'Desarrollo Web Profesional', 7, 'Avanzado');
INSERT INTO cursos (idCurso, curso, idArea, nivel) VALUES (14, 'Desarrollo Web Avanzado', 7, 'Avanzado');
INSERT INTO cursos (idCurso, curso, idArea, nivel) VALUES (15, 'Bases de Datos Introductorio', 8, 'Inicial');
INSERT INTO cursos (idCurso, curso, idArea, nivel) VALUES (16, 'Bases de Datos Introductorio', 8, 'Intermedio');
INSERT INTO cursos (idCurso, curso, idArea, nivel) VALUES (17, 'Ofimática Avanzado', 9, 'Avanzado');
INSERT INTO cursos (idCurso, curso, idArea, nivel) VALUES (18, 'Ofimática Profesional', 9, 'Experto');
INSERT INTO cursos (idCurso, curso, idArea, nivel) VALUES (19, 'Sistemas Operativos Avanzado', 10, 'Intermedio');
INSERT INTO cursos (idCurso, curso, idArea, nivel) VALUES (20, 'Sistemas Operativos Introductorio', 10, 'Inicial');
INSERT INTO cursos (idCurso, curso, idArea, nivel) VALUES (21, 'Gestión de Proyectos Fundamentos', 11, 'Experto');
INSERT INTO cursos (idCurso, curso, idArea, nivel) VALUES (22, 'Gestión de Proyectos Profesional', 11, 'Intermedio');
INSERT INTO cursos (idCurso, curso, idArea, nivel) VALUES (23, 'Cloud Computing Profesional', 12, 'Avanzado');
INSERT INTO cursos (idCurso, curso, idArea, nivel) VALUES (24, 'Cloud Computing Introductorio', 12, 'Experto');
INSERT INTO cursos (idCurso, curso, idArea, nivel) VALUES (25, 'Ciberseguridad Profesional', 13, 'Avanzado');
INSERT INTO cursos (idCurso, curso, idArea, nivel) VALUES (26, 'Ciberseguridad Introductorio', 13, 'Intermedio');
INSERT INTO cursos (idCurso, curso, idArea, nivel) VALUES (27, 'Internet de las Cosas Introductorio', 14, 'Experto');
INSERT INTO cursos (idCurso, curso, idArea, nivel) VALUES (28, 'Internet de las Cosas Avanzado', 14, 'Experto');
INSERT INTO cursos (idCurso, curso, idArea, nivel) VALUES (29, 'Soporte Técnico Avanzado', 15, 'Avanzado');
INSERT INTO cursos (idCurso, curso, idArea, nivel) VALUES (30, 'Soporte Técnico Introductorio', 15, 'Experto');

-- INSERTS ALUMNOS --
INSERT INTO alumnos (idAlumno, nombre, apellido, dni, email, nacimiento) VALUES (1, 'Juan', 'Pérez', 40000000, 'juan.pérez@gmail.com', '2003-09-18');
INSERT INTO alumnos (idAlumno, nombre, apellido, dni, email, nacimiento) VALUES (2, 'María', 'Gómez', 40000123, 'maría.gómez@gmail.com', '1997-10-07');
INSERT INTO alumnos (idAlumno, nombre, apellido, dni, email, nacimiento) VALUES (3, 'Carlos', 'López', 40000246, 'carlos.lópez@gmail.com', '1997-09-02');
INSERT INTO alumnos (idAlumno, nombre, apellido, dni, email, nacimiento) VALUES (4, 'Lucía', 'Rodríguez', 40000369, 'lucía.rodríguez@gmail.com', '2004-03-02');
INSERT INTO alumnos (idAlumno, nombre, apellido, dni, email, nacimiento) VALUES (5, 'Pedro', 'Fernández', 40000492, 'pedro.fernández@gmail.com', '2002-08-21');
INSERT INTO alumnos (idAlumno, nombre, apellido, dni, email, nacimiento) VALUES (6, 'Ana', 'Martínez', 40000615, 'ana.martínez@gmail.com', '1991-12-27');
INSERT INTO alumnos (idAlumno, nombre, apellido, dni, email, nacimiento) VALUES (7, 'Sofía', 'Sánchez', 40000738, 'sofía.sánchez@gmail.com', '1996-01-28');
INSERT INTO alumnos (idAlumno, nombre, apellido, dni, email, nacimiento) VALUES (8, 'Diego', 'García', 40000861, 'diego.garcía@gmail.com', '1999-09-24');
INSERT INTO alumnos (idAlumno, nombre, apellido, dni, email, nacimiento) VALUES (9, 'Laura', 'Romero', 40000984, 'laura.romero@gmail.com', '2004-04-26');
INSERT INTO alumnos (idAlumno, nombre, apellido, dni, email, nacimiento) VALUES (10, 'Martín', 'Díaz', 40001107, 'martín.díaz@gmail.com', '1987-07-02');
INSERT INTO alumnos (idAlumno, nombre, apellido, dni, email, nacimiento) VALUES (11, 'Camila', 'Torres', 40001230, 'camila.torres@gmail.com', '1991-05-25');
INSERT INTO alumnos (idAlumno, nombre, apellido, dni, email, nacimiento) VALUES (12, 'Jorge', 'Ruiz', 40001353, 'jorge.ruiz@gmail.com', '1986-08-02');
INSERT INTO alumnos (idAlumno, nombre, apellido, dni, email, nacimiento) VALUES (13, 'Paula', 'Ramírez', 40001476, 'paula.ramírez@gmail.com', '1993-07-07');
INSERT INTO alumnos (idAlumno, nombre, apellido, dni, email, nacimiento) VALUES (14, 'Andrés', 'Moreno', 40001599, 'andrés.moreno@gmail.com', '1998-02-06');
INSERT INTO alumnos (idAlumno, nombre, apellido, dni, email, nacimiento) VALUES (15, 'Carolina', 'Vázquez', 40001722, 'carolina.vázquez@gmail.com', '1986-01-10');
INSERT INTO alumnos (idAlumno, nombre, apellido, dni, email, nacimiento) VALUES (16, 'Sebastián', 'Silva', 40001845, 'sebastián.silva@gmail.com', '2002-11-14');
INSERT INTO alumnos (idAlumno, nombre, apellido, dni, email, nacimiento) VALUES (17, 'Valentina', 'Herrera', 40001968, 'valentina.herrera@gmail.com', '2003-04-17');
INSERT INTO alumnos (idAlumno, nombre, apellido, dni, email, nacimiento) VALUES (18, 'Tomás', 'Rojas', 40002091, 'tomás.rojas@gmail.com', '1987-05-03');
INSERT INTO alumnos (idAlumno, nombre, apellido, dni, email, nacimiento) VALUES (19, 'Julieta', 'Castro', 40002214, 'julieta.castro@gmail.com', '1992-01-14');
INSERT INTO alumnos (idAlumno, nombre, apellido, dni, email, nacimiento) VALUES (20, 'Nicolás', 'Molina', 40002337, 'nicolás.molina@gmail.com', '2005-04-24');
INSERT INTO alumnos (idAlumno, nombre, apellido, dni, email, nacimiento) VALUES (21, 'Fernanda', 'Ortega', 40002460, 'fernanda.ortega@gmail.com', '2002-11-10');
INSERT INTO alumnos (idAlumno, nombre, apellido, dni, email, nacimiento) VALUES (22, 'Agustín', 'Suárez', 40002583, 'agustín.suárez@gmail.com', '2004-08-05');
INSERT INTO alumnos (idAlumno, nombre, apellido, dni, email, nacimiento) VALUES (23, 'Romina', 'Medina', 40002706, 'romina.medina@gmail.com', '1991-11-16');
INSERT INTO alumnos (idAlumno, nombre, apellido, dni, email, nacimiento) VALUES (24, 'Franco', 'Navarro', 40002829, 'franco.navarro@gmail.com', '1995-12-07');
INSERT INTO alumnos (idAlumno, nombre, apellido, dni, email, nacimiento) VALUES (25, 'Gabriela', 'Delgado', 40002952, 'gabriela.delgado@gmail.com', '1990-01-01');
INSERT INTO alumnos (idAlumno, nombre, apellido, dni, email, nacimiento) VALUES (26, 'Lucas', 'Vega', 40003075, 'lucas.vega@gmail.com', '1996-09-07');
INSERT INTO alumnos (idAlumno, nombre, apellido, dni, email, nacimiento) VALUES (27, 'Pablo', 'Campos', 40003198, 'pablo.campos@gmail.com', '1993-06-09');
INSERT INTO alumnos (idAlumno, nombre, apellido, dni, email, nacimiento) VALUES (28, 'Marina', 'Aguilar', 40003321, 'marina.aguilar@gmail.com', '1991-02-04');
INSERT INTO alumnos (idAlumno, nombre, apellido, dni, email, nacimiento) VALUES (29, 'Emilia', 'Ponce', 40003444, 'emilia.ponce@gmail.com', '2005-04-06');
INSERT INTO alumnos (idAlumno, nombre, apellido, dni, email, nacimiento) VALUES (30, 'Rodrigo', 'Ibarra', 40003567, 'rodrigo.ibarra@gmail.com', '2003-06-26');

-- INSERTS CURSOS_ALUMNOS --
INSERT INTO cursos_alumnos (idCA, idCurso, idAlumno, inicio) VALUES (1, 1, 1, '2021-01-04');
INSERT INTO cursos_alumnos (idCA, idCurso, idAlumno, inicio) VALUES (2, 1, 1, '2020-05-16');
INSERT INTO cursos_alumnos (idCA, idCurso, idAlumno, inicio) VALUES (3, 3, 1, '2024-09-24');
INSERT INTO cursos_alumnos (idCA, idCurso, idAlumno, inicio) VALUES (4, 14, 1, '2024-05-26');
INSERT INTO cursos_alumnos (idCA, idCurso, idAlumno, inicio) VALUES (5, 10, 1, '2022-06-20');
INSERT INTO cursos_alumnos (idCA, idCurso, idAlumno, inicio) VALUES (6, 16, 2, '2024-01-17');
INSERT INTO cursos_alumnos (idCA, idCurso, idAlumno, inicio) VALUES (7, 15, 2, '2021-10-05');
INSERT INTO cursos_alumnos (idCA, idCurso, idAlumno, inicio) VALUES (8, 15, 2, '2020-05-27');
INSERT INTO cursos_alumnos (idCA, idCurso, idAlumno, inicio) VALUES (9, 23, 3, '2022-11-06');
INSERT INTO cursos_alumnos (idCA, idCurso, idAlumno, inicio) VALUES (10, 6, 3, '2020-06-15');
INSERT INTO cursos_alumnos (idCA, idCurso, idAlumno, inicio) VALUES (11, 10, 3, '2023-01-04');
INSERT INTO cursos_alumnos (idCA, idCurso, idAlumno, inicio) VALUES (12, 26, 3, '2021-02-08');
INSERT INTO cursos_alumnos (idCA, idCurso, idAlumno, inicio) VALUES (13, 16, 4, '2021-06-15');
INSERT INTO cursos_alumnos (idCA, idCurso, idAlumno, inicio) VALUES (14, 23, 4, '2020-04-05');
INSERT INTO cursos_alumnos (idCA, idCurso, idAlumno, inicio) VALUES (15, 11, 4, '2022-02-02');
INSERT INTO cursos_alumnos (idCA, idCurso, idAlumno, inicio) VALUES (16, 7, 5, '2025-09-14');
INSERT INTO cursos_alumnos (idCA, idCurso, idAlumno, inicio) VALUES (17, 18, 5, '2024-08-05');
INSERT INTO cursos_alumnos (idCA, idCurso, idAlumno, inicio) VALUES (18, 16, 5, '2024-09-04');
INSERT INTO cursos_alumnos (idCA, idCurso, idAlumno, inicio) VALUES (19, 7, 6, '2021-03-26');
INSERT INTO cursos_alumnos (idCA, idCurso, idAlumno, inicio) VALUES (20, 28, 6, '2022-08-07');
INSERT INTO cursos_alumnos (idCA, idCurso, idAlumno, inicio) VALUES (21, 13, 6, '2025-02-27');
INSERT INTO cursos_alumnos (idCA, idCurso, idAlumno, inicio) VALUES (22, 15, 6, '2020-01-27');
INSERT INTO cursos_alumnos (idCA, idCurso, idAlumno, inicio) VALUES (23, 23, 7, '2022-04-19');
INSERT INTO cursos_alumnos (idCA, idCurso, idAlumno, inicio) VALUES (24, 7, 7, '2022-11-01');
INSERT INTO cursos_alumnos (idCA, idCurso, idAlumno, inicio) VALUES (25, 13, 7, '2023-07-26');
INSERT INTO cursos_alumnos (idCA, idCurso, idAlumno, inicio) VALUES (26, 17, 7, '2021-01-15');
INSERT INTO cursos_alumnos (idCA, idCurso, idAlumno, inicio) VALUES (27, 15, 7, '2021-01-04');
INSERT INTO cursos_alumnos (idCA, idCurso, idAlumno, inicio) VALUES (28, 27, 8, '2020-08-04');
INSERT INTO cursos_alumnos (idCA, idCurso, idAlumno, inicio) VALUES (29, 17, 8, '2022-05-28');
INSERT INTO cursos_alumnos (idCA, idCurso, idAlumno, inicio) VALUES (30, 11, 8, '2020-10-03');
INSERT INTO cursos_alumnos (idCA, idCurso, idAlumno, inicio) VALUES (31, 6, 9, '2024-12-04');
INSERT INTO cursos_alumnos (idCA, idCurso, idAlumno, inicio) VALUES (32, 18, 9, '2020-11-12');
INSERT INTO cursos_alumnos (idCA, idCurso, idAlumno, inicio) VALUES (33, 5, 9, '2024-08-01');
INSERT INTO cursos_alumnos (idCA, idCurso, idAlumno, inicio) VALUES (34, 18, 10, '2023-06-05');
INSERT INTO cursos_alumnos (idCA, idCurso, idAlumno, inicio) VALUES (35, 1, 10, '2023-09-25');
INSERT INTO cursos_alumnos (idCA, idCurso, idAlumno, inicio) VALUES (36, 20, 10, '2020-09-19');
INSERT INTO cursos_alumnos (idCA, idCurso, idAlumno, inicio) VALUES (37, 3, 10, '2022-08-28');
INSERT INTO cursos_alumnos (idCA, idCurso, idAlumno, inicio) VALUES (38, 28, 11, '2023-01-05');
INSERT INTO cursos_alumnos (idCA, idCurso, idAlumno, inicio) VALUES (39, 24, 11, '2022-07-09');
INSERT INTO cursos_alumnos (idCA, idCurso, idAlumno, inicio) VALUES (40, 18, 11, '2022-10-11');
INSERT INTO cursos_alumnos (idCA, idCurso, idAlumno, inicio) VALUES (41, 3, 11, '2020-09-17');
INSERT INTO cursos_alumnos (idCA, idCurso, idAlumno, inicio) VALUES (42, 22, 12, '2025-02-21');
INSERT INTO cursos_alumnos (idCA, idCurso, idAlumno, inicio) VALUES (43, 17, 12, '2024-01-12');
INSERT INTO cursos_alumnos (idCA, idCurso, idAlumno, inicio) VALUES (44, 25, 12, '2021-12-23');
INSERT INTO cursos_alumnos (idCA, idCurso, idAlumno, inicio) VALUES (45, 10, 13, '2025-04-21');
INSERT INTO cursos_alumnos (idCA, idCurso, idAlumno, inicio) VALUES (46, 15, 13, '2020-04-19');
INSERT INTO cursos_alumnos (idCA, idCurso, idAlumno, inicio) VALUES (47, 29, 14, '2022-04-25');
INSERT INTO cursos_alumnos (idCA, idCurso, idAlumno, inicio) VALUES (48, 6, 14, '2022-02-01');
INSERT INTO cursos_alumnos (idCA, idCurso, idAlumno, inicio) VALUES (49, 16, 15, '2020-03-18');
INSERT INTO cursos_alumnos (idCA, idCurso, idAlumno, inicio) VALUES (50, 14, 15, '2020-11-09');
INSERT INTO cursos_alumnos (idCA, idCurso, idAlumno, inicio) VALUES (51, 9, 15, '2025-11-01');
INSERT INTO cursos_alumnos (idCA, idCurso, idAlumno, inicio) VALUES (52, 5, 15, '2020-09-15');
INSERT INTO cursos_alumnos (idCA, idCurso, idAlumno, inicio) VALUES (53, 9, 15, '2020-06-02');
INSERT INTO cursos_alumnos (idCA, idCurso, idAlumno, inicio) VALUES (54, 4, 16, '2024-07-19');
INSERT INTO cursos_alumnos (idCA, idCurso, idAlumno, inicio) VALUES (55, 25, 16, '2024-07-07');
INSERT INTO cursos_alumnos (idCA, idCurso, idAlumno, inicio) VALUES (56, 16, 16, '2024-01-10');
INSERT INTO cursos_alumnos (idCA, idCurso, idAlumno, inicio) VALUES (57, 27, 16, '2022-09-28');
INSERT INTO cursos_alumnos (idCA, idCurso, idAlumno, inicio) VALUES (58, 2, 17, '2024-05-14');
INSERT INTO cursos_alumnos (idCA, idCurso, idAlumno, inicio) VALUES (59, 25, 17, '2021-04-25');
INSERT INTO cursos_alumnos (idCA, idCurso, idAlumno, inicio) VALUES (60, 5, 17, '2023-09-06');
INSERT INTO cursos_alumnos (idCA, idCurso, idAlumno, inicio) VALUES (61, 13, 17, '2020-12-27');
INSERT INTO cursos_alumnos (idCA, idCurso, idAlumno, inicio) VALUES (62, 9, 18, '2024-08-01');
INSERT INTO cursos_alumnos (idCA, idCurso, idAlumno, inicio) VALUES (63, 19, 18, '2023-07-13');
INSERT INTO cursos_alumnos (idCA, idCurso, idAlumno, inicio) VALUES (64, 28, 18, '2020-09-13');
INSERT INTO cursos_alumnos (idCA, idCurso, idAlumno, inicio) VALUES (65, 9, 18, '2021-01-25');
INSERT INTO cursos_alumnos (idCA, idCurso, idAlumno, inicio) VALUES (66, 3, 19, '2024-12-09');
INSERT INTO cursos_alumnos (idCA, idCurso, idAlumno, inicio) VALUES (67, 12, 19, '2021-04-23');
INSERT INTO cursos_alumnos (idCA, idCurso, idAlumno, inicio) VALUES (68, 26, 19, '2024-07-17');
INSERT INTO cursos_alumnos (idCA, idCurso, idAlumno, inicio) VALUES (69, 5, 19, '2022-12-18');
INSERT INTO cursos_alumnos (idCA, idCurso, idAlumno, inicio) VALUES (70, 11, 19, '2021-12-22');
INSERT INTO cursos_alumnos (idCA, idCurso, idAlumno, inicio) VALUES (71, 21, 20, '2020-03-21');
INSERT INTO cursos_alumnos (idCA, idCurso, idAlumno, inicio) VALUES (72, 26, 20, '2020-05-19');
INSERT INTO cursos_alumnos (idCA, idCurso, idAlumno, inicio) VALUES (73, 29, 20, '2021-01-14');
INSERT INTO cursos_alumnos (idCA, idCurso, idAlumno, inicio) VALUES (74, 13, 20, '2021-04-11');
INSERT INTO cursos_alumnos (idCA, idCurso, idAlumno, inicio) VALUES (75, 12, 20, '2025-02-01');
INSERT INTO cursos_alumnos (idCA, idCurso, idAlumno, inicio) VALUES (76, 20, 21, '2024-06-09');
INSERT INTO cursos_alumnos (idCA, idCurso, idAlumno, inicio) VALUES (77, 29, 21, '2021-08-25');
INSERT INTO cursos_alumnos (idCA, idCurso, idAlumno, inicio) VALUES (78, 10, 21, '2021-07-09');
INSERT INTO cursos_alumnos (idCA, idCurso, idAlumno, inicio) VALUES (79, 15, 22, '2021-08-22');
INSERT INTO cursos_alumnos (idCA, idCurso, idAlumno, inicio) VALUES (80, 24, 22, '2020-10-27');
INSERT INTO cursos_alumnos (idCA, idCurso, idAlumno, inicio) VALUES (81, 1, 23, '2020-10-15');
INSERT INTO cursos_alumnos (idCA, idCurso, idAlumno, inicio) VALUES (82, 2, 23, '2020-02-05');
INSERT INTO cursos_alumnos (idCA, idCurso, idAlumno, inicio) VALUES (83, 11, 23, '2022-12-15');
INSERT INTO cursos_alumnos (idCA, idCurso, idAlumno, inicio) VALUES (84, 9, 24, '2022-09-25');
INSERT INTO cursos_alumnos (idCA, idCurso, idAlumno, inicio) VALUES (85, 21, 24, '2023-04-06');
INSERT INTO cursos_alumnos (idCA, idCurso, idAlumno, inicio) VALUES (86, 30, 24, '2020-01-14');
INSERT INTO cursos_alumnos (idCA, idCurso, idAlumno, inicio) VALUES (87, 28, 24, '2022-01-07');
INSERT INTO cursos_alumnos (idCA, idCurso, idAlumno, inicio) VALUES (88, 25, 24, '2023-12-06');
INSERT INTO cursos_alumnos (idCA, idCurso, idAlumno, inicio) VALUES (89, 21, 25, '2020-05-14');
INSERT INTO cursos_alumnos (idCA, idCurso, idAlumno, inicio) VALUES (90, 12, 25, '2023-07-20');
INSERT INTO cursos_alumnos (idCA, idCurso, idAlumno, inicio) VALUES (91, 24, 25, '2021-08-01');
INSERT INTO cursos_alumnos (idCA, idCurso, idAlumno, inicio) VALUES (92, 7, 25, '2023-07-09');
INSERT INTO cursos_alumnos (idCA, idCurso, idAlumno, inicio) VALUES (93, 17, 26, '2025-03-03');
INSERT INTO cursos_alumnos (idCA, idCurso, idAlumno, inicio) VALUES (94, 23, 26, '2023-03-27');
INSERT INTO cursos_alumnos (idCA, idCurso, idAlumno, inicio) VALUES (95, 15, 26, '2022-06-03');
INSERT INTO cursos_alumnos (idCA, idCurso, idAlumno, inicio) VALUES (96, 20, 26, '2024-03-22');
INSERT INTO cursos_alumnos (idCA, idCurso, idAlumno, inicio) VALUES (97, 22, 26, '2022-12-22');
INSERT INTO cursos_alumnos (idCA, idCurso, idAlumno, inicio) VALUES (98, 12, 27, '2023-12-22');
INSERT INTO cursos_alumnos (idCA, idCurso, idAlumno, inicio) VALUES (99, 4, 27, '2025-07-06');
INSERT INTO cursos_alumnos (idCA, idCurso, idAlumno, inicio) VALUES (100, 13, 27, '2024-02-07');
INSERT INTO cursos_alumnos (idCA, idCurso, idAlumno, inicio) VALUES (101, 20, 28, '2022-03-14');
INSERT INTO cursos_alumnos (idCA, idCurso, idAlumno, inicio) VALUES (102, 4, 28, '2023-08-23');
INSERT INTO cursos_alumnos (idCA, idCurso, idAlumno, inicio) VALUES (103, 11, 28, '2025-08-15');
INSERT INTO cursos_alumnos (idCA, idCurso, idAlumno, inicio) VALUES (104, 14, 28, '2022-12-21');
INSERT INTO cursos_alumnos (idCA, idCurso, idAlumno, inicio) VALUES (105, 3, 28, '2022-07-14');
INSERT INTO cursos_alumnos (idCA, idCurso, idAlumno, inicio) VALUES (106, 9, 29, '2021-01-01');
INSERT INTO cursos_alumnos (idCA, idCurso, idAlumno, inicio) VALUES (107, 6, 29, '2021-08-16');
INSERT INTO cursos_alumnos (idCA, idCurso, idAlumno, inicio) VALUES (108, 10, 29, '2025-01-01');
INSERT INTO cursos_alumnos (idCA, idCurso, idAlumno, inicio) VALUES (109, 11, 30, '2025-07-15');
INSERT INTO cursos_alumnos (idCA, idCurso, idAlumno, inicio) VALUES (110, 5, 30, '2025-03-23');
INSERT INTO cursos_alumnos (idCA, idCurso, idAlumno, inicio) VALUES (111, 12, 30, '2020-09-21');
INSERT INTO cursos_alumnos (idCA, idCurso, idAlumno, inicio) VALUES (112, 17, 30, '2025-02-05');
INSERT INTO cursos_alumnos (idCA, idCurso, idAlumno, inicio) VALUES (113, 26, 30, '2021-01-07');