-- INSERTS ÁREAS --
INSERT INTO areas (idArea, area) VALUES (1, 'Ciencias de Datos');
INSERT INTO areas (idArea, area) VALUES (2, 'Programación');
INSERT INTO areas (idArea, area) VALUES (3, 'Diseño Gráfico');
INSERT INTO areas (idArea, area) VALUES (4, 'Marketing Digital');
INSERT INTO areas (idArea, area) VALUES (5, 'Redes y Seguridad');
INSERT INTO areas (idArea, area) VALUES (6, 'Inteligencia Artificial');
INSERT INTO areas (idArea, area) VALUES (7, 'Desarrollo Web');
INSERT INTO areas (idArea, area) VALUES (8, 'Bases de Datos');
INSERT INTO areas (idArea, area) VALUES (9, 'Ofimática');
INSERT INTO areas (idArea, area) VALUES (10, 'Sistemas Operativos');
INSERT INTO areas (idArea, area) VALUES (11, 'Gestión de Proyectos');
INSERT INTO areas (idArea, area) VALUES (12, 'Cloud Computing');
INSERT INTO areas (idArea, area) VALUES (13, 'Ciberseguridad');
INSERT INTO areas (idArea, area) VALUES (14, 'Internet de las Cosas');
INSERT INTO areas (idArea, area) VALUES (15, 'Soporte Técnico');

-- INSERTS CURSOS --
INSERT INTO cursos (idCurso, curso, idArea, nivel) VALUES (1, 'Ciencias de Datos Práctico', 1, 'Inicial');
INSERT INTO cursos (idCurso, curso, idArea, nivel) VALUES (2, 'Ciencias de Datos Avanzado 6', 1, 'Experto');
INSERT INTO cursos (idCurso, curso, idArea, nivel) VALUES (3, 'Programación Práctico', 2, 'Avanzado');
INSERT INTO cursos (idCurso, curso, idArea, nivel) VALUES (4, 'Programación Avanzado', 2, 'Experto');
INSERT INTO cursos (idCurso, curso, idArea, nivel) VALUES (5, 'Diseño Gráfico Introductorio', 3, 'Avanzado');
INSERT INTO cursos (idCurso, curso, idArea, nivel) VALUES (6, 'Diseño Gráfico Avanzado', 3, 'Inicial');
INSERT INTO cursos (idCurso, curso, idArea, nivel) VALUES (7, 'Marketing Digital Avanzado', 4, 'Avanzado');
INSERT INTO cursos (idCurso, curso, idArea, nivel) VALUES (8, 'Marketing Digital Fundamentos', 4, 'Inicial');
INSERT INTO cursos (idCurso, curso, idArea, nivel) VALUES (9, 'Redes y Seguridad Avanzado', 5, 'Avanzado');
INSERT INTO cursos (idCurso, curso, idArea, nivel) VALUES (10, 'Redes y Seguridad Fundamentos', 5, 'Intermedio');
INSERT INTO cursos (idCurso, curso, idArea, nivel) VALUES (11, 'Inteligencia Artificial Introductorio', 6, 'Intermedio');
INSERT INTO cursos (idCurso, curso, idArea, nivel) VALUES (12, 'Inteligencia Artificial Avanzado 6', 6, 'Intermedio');
INSERT INTO cursos (idCurso, curso, idArea, nivel) VALUES (13, 'Desarrollo Web Avanzado', 7, 'Intermedio');
INSERT INTO cursos (idCurso, curso, idArea, nivel) VALUES (14, 'Desarrollo Web Avanzado 5', 7, 'Intermedio');
INSERT INTO cursos (idCurso, curso, idArea, nivel) VALUES (15, 'Bases de Datos Profesional', 8, 'Intermedio');
INSERT INTO cursos (idCurso, curso, idArea, nivel) VALUES (16, 'Bases de Datos Avanzado', 8, 'Intermedio');
INSERT INTO cursos (idCurso, curso, idArea, nivel) VALUES (17, 'Ofimática Profesional', 9, 'Inicial');
INSERT INTO cursos (idCurso, curso, idArea, nivel) VALUES (18, 'Ofimática Introductorio', 9, 'Avanzado');
INSERT INTO cursos (idCurso, curso, idArea, nivel) VALUES (19, 'Sistemas Operativos Avanzado', 10, 'Experto');
INSERT INTO cursos (idCurso, curso, idArea, nivel) VALUES (20, 'Sistemas Operativos Práctico 8', 10, 'Inicial');
INSERT INTO cursos (idCurso, curso, idArea, nivel) VALUES (21, 'Gestión de Proyectos Avanzado', 11, 'Avanzado');
INSERT INTO cursos (idCurso, curso, idArea, nivel) VALUES (22, 'Gestión de Proyectos Profesional', 11, 'Inicial');
INSERT INTO cursos (idCurso, curso, idArea, nivel) VALUES (23, 'Cloud Computing Profesional', 12, 'Avanzado');
INSERT INTO cursos (idCurso, curso, idArea, nivel) VALUES (24, 'Cloud Computing Introductorio 2', 12, 'Avanzado');
INSERT INTO cursos (idCurso, curso, idArea, nivel) VALUES (25, 'Ciberseguridad Fundamentos', 13, 'Intermedio');
INSERT INTO cursos (idCurso, curso, idArea, nivel) VALUES (26, 'Ciberseguridad Avanzado', 13, 'Inicial');
INSERT INTO cursos (idCurso, curso, idArea, nivel) VALUES (27, 'Internet de las Cosas Práctico', 14, 'Intermedio');
INSERT INTO cursos (idCurso, curso, idArea, nivel) VALUES (28, 'Internet de las Cosas Avanzado', 14, 'Inicial');
INSERT INTO cursos (idCurso, curso, idArea, nivel) VALUES (29, 'Soporte Técnico Fundamentos', 15, 'Avanzado');
INSERT INTO cursos (idCurso, curso, idArea, nivel) VALUES (30, 'Soporte Técnico Introductorio', 15, 'Inicial');

-- INSERTS ALUMNOS --
INSERT INTO alumnos (idAlumno, nombre, apellido, dni, email, nacimiento) VALUES (1, 'Juan', 'Pérez', 40000000, 'juan.pérez@gmail.com', '1999-03-05');
INSERT INTO alumnos (idAlumno, nombre, apellido, dni, email, nacimiento) VALUES (2, 'María', 'Gómez', 40000123, 'maría.gómez@gmail.com', '1993-07-20');
INSERT INTO alumnos (idAlumno, nombre, apellido, dni, email, nacimiento) VALUES (3, 'Carlos', 'López', 40000246, 'carlos.lópez@gmail.com', '1997-01-17');
INSERT INTO alumnos (idAlumno, nombre, apellido, dni, email, nacimiento) VALUES (4, 'Lucía', 'Rodríguez', 40000369, 'lucía.rodríguez@gmail.com', '1991-09-24');
INSERT INTO alumnos (idAlumno, nombre, apellido, dni, email, nacimiento) VALUES (5, 'Pedro', 'Fernández', 40000492, 'pedro.fernández@gmail.com', '2005-12-10');
INSERT INTO alumnos (idAlumno, nombre, apellido, dni, email, nacimiento) VALUES (6, 'Ana', 'Martínez', 40000615, 'ana.martínez@gmail.com', '1998-04-20');
INSERT INTO alumnos (idAlumno, nombre, apellido, dni, email, nacimiento) VALUES (7, 'Sofía', 'Sánchez', 40000738, 'sofía.sánchez@gmail.com', '1992-10-19');
INSERT INTO alumnos (idAlumno, nombre, apellido, dni, email, nacimiento) VALUES (8, 'Diego', 'García', 40000861, 'diego.garcía@gmail.com', '1992-10-12');
INSERT INTO alumnos (idAlumno, nombre, apellido, dni, email, nacimiento) VALUES (9, 'Laura', 'Romero', 40000984, 'laura.romero@gmail.com', '2005-12-26');
INSERT INTO alumnos (idAlumno, nombre, apellido, dni, email, nacimiento) VALUES (10, 'Martín', 'Díaz', 40001107, 'martín.díaz@gmail.com', '1996-08-01');
INSERT INTO alumnos (idAlumno, nombre, apellido, dni, email, nacimiento) VALUES (11, 'Camila', 'Torres', 40001230, 'camila.torres@gmail.com', '1999-03-08');
INSERT INTO alumnos (idAlumno, nombre, apellido, dni, email, nacimiento) VALUES (12, 'Jorge', 'Ruiz', 40001353, 'jorge.ruiz@gmail.com', '1989-04-01');
INSERT INTO alumnos (idAlumno, nombre, apellido, dni, email, nacimiento) VALUES (13, 'Paula', 'Ramírez', 40001476, 'paula.ramírez@gmail.com', '2005-11-03');
INSERT INTO alumnos (idAlumno, nombre, apellido, dni, email, nacimiento) VALUES (14, 'Andrés', 'Moreno', 40001599, 'andrés.moreno@gmail.com', '1997-09-17');
INSERT INTO alumnos (idAlumno, nombre, apellido, dni, email, nacimiento) VALUES (15, 'Carolina', 'Vázquez', 40001722, 'carolina.vázquez@gmail.com', '1996-11-06');
INSERT INTO alumnos (idAlumno, nombre, apellido, dni, email, nacimiento) VALUES (16, 'Sebastián', 'Silva', 40001845, 'sebastián.silva@gmail.com', '2004-12-21');
INSERT INTO alumnos (idAlumno, nombre, apellido, dni, email, nacimiento) VALUES (17, 'Valentina', 'Herrera', 40001968, 'valentina.herrera@gmail.com', '2005-06-19');
INSERT INTO alumnos (idAlumno, nombre, apellido, dni, email, nacimiento) VALUES (18, 'Tomás', 'Rojas', 40002091, 'tomás.rojas@gmail.com', '2002-09-20');
INSERT INTO alumnos (idAlumno, nombre, apellido, dni, email, nacimiento) VALUES (19, 'Julieta', 'Castro', 40002214, 'julieta.castro@gmail.com', '1990-10-20');
INSERT INTO alumnos (idAlumno, nombre, apellido, dni, email, nacimiento) VALUES (20, 'Nicolás', 'Molina', 40002337, 'nicolás.molina@gmail.com', '2004-11-10');
INSERT INTO alumnos (idAlumno, nombre, apellido, dni, email, nacimiento) VALUES (21, 'Fernanda', 'Ortega', 40002460, 'fernanda.ortega@gmail.com', '1989-09-11');
INSERT INTO alumnos (idAlumno, nombre, apellido, dni, email, nacimiento) VALUES (22, 'Agustín', 'Suárez', 40002583, 'agustín.suárez@gmail.com', '1989-05-09');
INSERT INTO alumnos (idAlumno, nombre, apellido, dni, email, nacimiento) VALUES (23, 'Romina', 'Medina', 40002706, 'romina.medina@gmail.com', '1989-05-15');
INSERT INTO alumnos (idAlumno, nombre, apellido, dni, email, nacimiento) VALUES (24, 'Franco', 'Navarro', 40002829, 'franco.navarro@gmail.com', '1986-08-23');
INSERT INTO alumnos (idAlumno, nombre, apellido, dni, email, nacimiento) VALUES (25, 'Gabriela', 'Delgado', 40002952, 'gabriela.delgado@gmail.com', '1990-03-11');
INSERT INTO alumnos (idAlumno, nombre, apellido, dni, email, nacimiento) VALUES (26, 'Lucas', 'Vega', 40003075, 'lucas.vega@gmail.com', '2001-09-28');
INSERT INTO alumnos (idAlumno, nombre, apellido, dni, email, nacimiento) VALUES (27, 'Pablo', 'Campos', 40003198, 'pablo.campos@gmail.com', '1994-08-01');
INSERT INTO alumnos (idAlumno, nombre, apellido, dni, email, nacimiento) VALUES (28, 'Marina', 'Aguilar', 40003321, 'marina.aguilar@gmail.com', '1989-05-11');
INSERT INTO alumnos (idAlumno, nombre, apellido, dni, email, nacimiento) VALUES (29, 'Emilia', 'Ponce', 40003444, 'emilia.ponce@gmail.com', '1990-03-10');
INSERT INTO alumnos (idAlumno, nombre, apellido, dni, email, nacimiento) VALUES (30, 'Rodrigo', 'Ibarra', 40003567, 'rodrigo.ibarra@gmail.com', '1994-08-02');

-- INSERTS CURSOS_ALUMNOS --
INSERT INTO cursos_alumnos (idCA, idCurso, idAlumno, inicio) VALUES (1, 4, 1, '2022-05-17');
INSERT INTO cursos_alumnos (idCA, idCurso, idAlumno, inicio) VALUES (2, 28, 1, '2021-06-06');
INSERT INTO cursos_alumnos (idCA, idCurso, idAlumno, inicio) VALUES (3, 24, 1, '2020-10-10');
INSERT INTO cursos_alumnos (idCA, idCurso, idAlumno, inicio) VALUES (4, 15, 1, '2021-05-17');
INSERT INTO cursos_alumnos (idCA, idCurso, idAlumno, inicio) VALUES (5, 23, 1, '2024-04-10');
INSERT INTO cursos_alumnos (idCA, idCurso, idAlumno, inicio) VALUES (6, 17, 2, '2021-08-01');
INSERT INTO cursos_alumnos (idCA, idCurso, idAlumno, inicio) VALUES (7, 13, 2, '2020-07-24');
INSERT INTO cursos_alumnos (idCA, idCurso, idAlumno, inicio) VALUES (8, 3, 2, '2021-12-21');
INSERT INTO cursos_alumnos (idCA, idCurso, idAlumno, inicio) VALUES (9, 18, 3, '2022-11-10');
INSERT INTO cursos_alumnos (idCA, idCurso, idAlumno, inicio) VALUES (10, 14, 3, '2021-04-18');
INSERT INTO cursos_alumnos (idCA, idCurso, idAlumno, inicio) VALUES (11, 25, 3, '2023-07-23');
INSERT INTO cursos_alumnos (idCA, idCurso, idAlumno, inicio) VALUES (12, 8, 4, '2021-09-04');
INSERT INTO cursos_alumnos (idCA, idCurso, idAlumno, inicio) VALUES (13, 28, 4, '2021-06-09');
INSERT INTO cursos_alumnos (idCA, idCurso, idAlumno, inicio) VALUES (14, 13, 4, '2024-01-12');
INSERT INTO cursos_alumnos (idCA, idCurso, idAlumno, inicio) VALUES (15, 15, 5, '2023-02-20');
INSERT INTO cursos_alumnos (idCA, idCurso, idAlumno, inicio) VALUES (16, 1, 5, '2021-09-19');
INSERT INTO cursos_alumnos (idCA, idCurso, idAlumno, inicio) VALUES (17, 15, 6, '2025-07-21');
INSERT INTO cursos_alumnos (idCA, idCurso, idAlumno, inicio) VALUES (18, 23, 6, '2025-01-06');
INSERT INTO cursos_alumnos (idCA, idCurso, idAlumno, inicio) VALUES (19, 15, 6, '2021-04-18');
INSERT INTO cursos_alumnos (idCA, idCurso, idAlumno, inicio) VALUES (20, 2, 7, '2025-04-10');
INSERT INTO cursos_alumnos (idCA, idCurso, idAlumno, inicio) VALUES (21, 19, 7, '2021-08-27');
INSERT INTO cursos_alumnos (idCA, idCurso, idAlumno, inicio) VALUES (22, 28, 7, '2024-09-14');
INSERT INTO cursos_alumnos (idCA, idCurso, idAlumno, inicio) VALUES (23, 16, 7, '2022-10-05');
INSERT INTO cursos_alumnos (idCA, idCurso, idAlumno, inicio) VALUES (24, 18, 8, '2022-04-27');
INSERT INTO cursos_alumnos (idCA, idCurso, idAlumno, inicio) VALUES (25, 6, 8, '2025-12-03');
INSERT INTO cursos_alumnos (idCA, idCurso, idAlumno, inicio) VALUES (26, 4, 8, '2025-08-04');
INSERT INTO cursos_alumnos (idCA, idCurso, idAlumno, inicio) VALUES (27, 29, 9, '2020-07-20');
INSERT INTO cursos_alumnos (idCA, idCurso, idAlumno, inicio) VALUES (28, 26, 9, '2024-04-18');
INSERT INTO cursos_alumnos (idCA, idCurso, idAlumno, inicio) VALUES (29, 16, 9, '2021-12-06');
INSERT INTO cursos_alumnos (idCA, idCurso, idAlumno, inicio) VALUES (30, 30, 10, '2020-08-23');
INSERT INTO cursos_alumnos (idCA, idCurso, idAlumno, inicio) VALUES (31, 14, 10, '2023-03-14');
INSERT INTO cursos_alumnos (idCA, idCurso, idAlumno, inicio) VALUES (32, 12, 10, '2023-06-08');
INSERT INTO cursos_alumnos (idCA, idCurso, idAlumno, inicio) VALUES (33, 28, 10, '2024-07-17');
INSERT INTO cursos_alumnos (idCA, idCurso, idAlumno, inicio) VALUES (34, 9, 11, '2025-03-22');
INSERT INTO cursos_alumnos (idCA, idCurso, idAlumno, inicio) VALUES (35, 16, 11, '2022-07-10');
INSERT INTO cursos_alumnos (idCA, idCurso, idAlumno, inicio) VALUES (36, 20, 12, '2025-06-25');
INSERT INTO cursos_alumnos (idCA, idCurso, idAlumno, inicio) VALUES (37, 28, 12, '2021-08-26');
INSERT INTO cursos_alumnos (idCA, idCurso, idAlumno, inicio) VALUES (38, 21, 12, '2022-01-03');
INSERT INTO cursos_alumnos (idCA, idCurso, idAlumno, inicio) VALUES (39, 9, 13, '2021-02-07');
INSERT INTO cursos_alumnos (idCA, idCurso, idAlumno, inicio) VALUES (40, 5, 13, '2022-09-17');
INSERT INTO cursos_alumnos (idCA, idCurso, idAlumno, inicio) VALUES (41, 10, 13, '2024-08-02');
INSERT INTO cursos_alumnos (idCA, idCurso, idAlumno, inicio) VALUES (42, 1, 13, '2021-06-22');
INSERT INTO cursos_alumnos (idCA, idCurso, idAlumno, inicio) VALUES (43, 26, 13, '2024-10-04');
INSERT INTO cursos_alumnos (idCA, idCurso, idAlumno, inicio) VALUES (44, 12, 14, '2024-03-03');
INSERT INTO cursos_alumnos (idCA, idCurso, idAlumno, inicio) VALUES (45, 24, 14, '2022-11-14');
INSERT INTO cursos_alumnos (idCA, idCurso, idAlumno, inicio) VALUES (46, 6, 14, '2022-01-26');
INSERT INTO cursos_alumnos (idCA, idCurso, idAlumno, inicio) VALUES (47, 13, 14, '2022-06-15');
INSERT INTO cursos_alumnos (idCA, idCurso, idAlumno, inicio) VALUES (48, 15, 14, '2023-12-24');
INSERT INTO cursos_alumnos (idCA, idCurso, idAlumno, inicio) VALUES (49, 28, 15, '2020-08-01');
INSERT INTO cursos_alumnos (idCA, idCurso, idAlumno, inicio) VALUES (50, 11, 15, '2022-07-18');
INSERT INTO cursos_alumnos (idCA, idCurso, idAlumno, inicio) VALUES (51, 8, 16, '2020-01-06');
INSERT INTO cursos_alumnos (idCA, idCurso, idAlumno, inicio) VALUES (52, 21, 16, '2020-01-21');
INSERT INTO cursos_alumnos (idCA, idCurso, idAlumno, inicio) VALUES (53, 3, 17, '2022-04-18');
INSERT INTO cursos_alumnos (idCA, idCurso, idAlumno, inicio) VALUES (54, 10, 17, '2023-09-07');
INSERT INTO cursos_alumnos (idCA, idCurso, idAlumno, inicio) VALUES (55, 22, 17, '2020-09-06');
INSERT INTO cursos_alumnos (idCA, idCurso, idAlumno, inicio) VALUES (56, 21, 18, '2024-07-20');
INSERT INTO cursos_alumnos (idCA, idCurso, idAlumno, inicio) VALUES (57, 15, 18, '2021-08-24');
INSERT INTO cursos_alumnos (idCA, idCurso, idAlumno, inicio) VALUES (58, 10, 19, '2024-05-13');
INSERT INTO cursos_alumnos (idCA, idCurso, idAlumno, inicio) VALUES (59, 27, 19, '2023-02-23');
INSERT INTO cursos_alumnos (idCA, idCurso, idAlumno, inicio) VALUES (60, 8, 20, '2024-02-10');
INSERT INTO cursos_alumnos (idCA, idCurso, idAlumno, inicio) VALUES (61, 27, 20, '2023-08-17');
INSERT INTO cursos_alumnos (idCA, idCurso, idAlumno, inicio) VALUES (62, 14, 20, '2023-09-20');
INSERT INTO cursos_alumnos (idCA, idCurso, idAlumno, inicio) VALUES (63, 27, 21, '2024-03-27');
INSERT INTO cursos_alumnos (idCA, idCurso, idAlumno, inicio) VALUES (64, 19, 21, '2024-04-05');
INSERT INTO cursos_alumnos (idCA, idCurso, idAlumno, inicio) VALUES (65, 5, 22, '2022-12-10');
INSERT INTO cursos_alumnos (idCA, idCurso, idAlumno, inicio) VALUES (66, 1, 22, '2024-11-17');
INSERT INTO cursos_alumnos (idCA, idCurso, idAlumno, inicio) VALUES (67, 29, 22, '2020-01-19');
INSERT INTO cursos_alumnos (idCA, idCurso, idAlumno, inicio) VALUES (68, 26, 23, '2023-05-15');
INSERT INTO cursos_alumnos (idCA, idCurso, idAlumno, inicio) VALUES (69, 24, 23, '2024-11-06');
INSERT INTO cursos_alumnos (idCA, idCurso, idAlumno, inicio) VALUES (70, 16, 24, '2022-04-05');
INSERT INTO cursos_alumnos (idCA, idCurso, idAlumno, inicio) VALUES (71, 15, 24, '2024-10-18');
INSERT INTO cursos_alumnos (idCA, idCurso, idAlumno, inicio) VALUES (72, 30, 24, '2020-10-20');
INSERT INTO cursos_alumnos (idCA, idCurso, idAlumno, inicio) VALUES (73, 29, 25, '2024-04-04');
INSERT INTO cursos_alumnos (idCA, idCurso, idAlumno, inicio) VALUES (74, 1, 25, '2023-05-08');
INSERT INTO cursos_alumnos (idCA, idCurso, idAlumno, inicio) VALUES (75, 24, 26, '2021-02-15');
INSERT INTO cursos_alumnos (idCA, idCurso, idAlumno, inicio) VALUES (76, 11, 26, '2023-02-23');
INSERT INTO cursos_alumnos (idCA, idCurso, idAlumno, inicio) VALUES (77, 6, 27, '2020-10-27');
INSERT INTO cursos_alumnos (idCA, idCurso, idAlumno, inicio) VALUES (78, 21, 27, '2024-05-27');
INSERT INTO cursos_alumnos (idCA, idCurso, idAlumno, inicio) VALUES (79, 30, 28, '2021-04-02');
INSERT INTO cursos_alumnos (idCA, idCurso, idAlumno, inicio) VALUES (80, 12, 28, '2023-12-17');
INSERT INTO cursos_alumnos (idCA, idCurso, idAlumno, inicio) VALUES (81, 15, 28, '2025-02-23');
INSERT INTO cursos_alumnos (idCA, idCurso, idAlumno, inicio) VALUES (82, 15, 28, '2022-06-26');
INSERT INTO cursos_alumnos (idCA, idCurso, idAlumno, inicio) VALUES (83, 24, 28, '2020-11-23');
INSERT INTO cursos_alumnos (idCA, idCurso, idAlumno, inicio) VALUES (84, 23, 29, '2023-06-02');
INSERT INTO cursos_alumnos (idCA, idCurso, idAlumno, inicio) VALUES (85, 5, 29, '2022-03-28');
INSERT INTO cursos_alumnos (idCA, idCurso, idAlumno, inicio) VALUES (86, 11, 29, '2021-09-11');
INSERT INTO cursos_alumnos (idCA, idCurso, idAlumno, inicio) VALUES (87, 20, 29, '2023-04-02');
INSERT INTO cursos_alumnos (idCA, idCurso, idAlumno, inicio) VALUES (88, 18, 30, '2022-05-05');
INSERT INTO cursos_alumnos (idCA, idCurso, idAlumno, inicio) VALUES (89, 14, 30, '2022-02-23');
INSERT INTO cursos_alumnos (idCA, idCurso, idAlumno, inicio) VALUES (90, 30, 30, '2021-04-19');